Exit Code,Latitude,Longitude,Station Name
Exit A,1.4403456612830383,103.80098952191813,ADMIRALTY MRT STATION
Exit B,1.440152396746762,103.80053346325835,ADMIRALTY MRT STATION
Exit C,1.4405962856579384,103.80054245816031,ADMIRALTY MRT STATION
Exit D,1.4405333880722966,103.80136453445112,ADMIRALTY MRT STATION
Exit A,1.316238485344709,103.88249665045747,ALJUNIED MRT STATION
Exit B,1.3164879303040784,103.88247288778244,ALJUNIED MRT STATION
Exit A,1.369464706505095,103.84993900074095,ANG MO KIO MRT STATION
Exit B,1.3696853221997212,103.84959610065526,ANG MO KIO MRT STATION
Exit C,1.3694405305965007,103.84934327370465,ANG MO KIO MRT STATION
Exit D,1.3698823752681695,103.84982457247968,ANG MO KIO MRT STATION
Exit A,1.3881853854521522,103.9054456307135,BAKAU LRT STATION
Exit B,1.3878407992569977,103.90548212404298,BAKAU LRT STATION
Exit A,1.3798533467645455,103.77259057420869,BANGKIT LRT STATION
Exit A,1.342248749216091,103.88025589326459,BARTLEY MRT STATION
Exit B,1.3435010615293341,103.8789086939245,BARTLEY MRT STATION
Exit A,1.2809674239716435,103.8587319247403,BAYFRONT MRT STATION
Exit B,1.2827052247082797,103.85975918022659,BAYFRONT MRT STATION
Exit C,1.2828349086889401,103.85959687218748,BAYFRONT MRT STATION
Exit D,1.2828343544709762,103.85949384661112,BAYFRONT MRT STATION
Exit E,1.2811046370918653,103.85844100365208,BAYFRONT MRT STATION
Exit 1,1.3118987186917346,103.94126172566517,BAYSHORE MRT STATION
Exit 2,1.3121838590996928,103.94067346766076,BAYSHORE MRT STATION
Exit 3,1.31356798026815,103.94072100418352,BAYSHORE MRT STATION
Exit 4,1.3135263973574927,103.94267591982259,BAYSHORE MRT STATION
Exit 5,1.3128967114776557,103.94258441308978,BAYSHORE MRT STATION
Exit A,1.3416961499328006,103.7759842962261,BEAUTY WORLD MRT STATION
Exit B,1.341582214549837,103.77545067944088,BEAUTY WORLD MRT STATION
Exit C,1.3399818737845794,103.7757615456262,BEAUTY WORLD MRT STATION
Exit A,1.3235686361563497,103.92915714309531,BEDOK MRT STATION
Exit B,1.3242683427611412,103.92967308999474,BEDOK MRT STATION
Exit C,1.3240746458654598,103.92940427968887,BEDOK MRT STATION
Exit A,1.3351262662136352,103.91804982398726,BEDOK NORTH MRT STATION
Exit B,1.3343724902032656,103.91913430266187,BEDOK NORTH MRT STATION
Exit B,1.3341660744472075,103.91906282344867,BEDOK NORTH MRT STATION
Exit C,1.3344225765515134,103.9178105260292,BEDOK NORTH MRT STATION
Exit A,1.336347760899778,103.93288682250619,BEDOK RESERVOIR MRT STATION
Exit B,1.3365549033286315,103.93348718985506,BEDOK RESERVOIR MRT STATION
Exit A,1.2991951960301853,103.85084338471715,BENCOOLEN MRT STATION
Exit B,1.2981994004556694,103.84956047759098,BENCOOLEN MRT STATION
Exit C,1.2976991176544332,103.8492717038725,BENCOOLEN MRT STATION
Exit A,1.3138525056222503,103.86307400593707,BENDEMEER MRT STATION
Exit B,1.3134807250255989,103.86321923143063,BENDEMEER MRT STATION
Exit A,1.350579598712016,103.8483049917219,BISHAN MRT STATION
Exit B,1.3510644392737419,103.84831225598012,BISHAN MRT STATION
Exit C,1.3505849115398918,103.84820928129376,BISHAN MRT STATION
Exit D,1.3510532199332945,103.85020108196488,BISHAN MRT STATION
Exit E,1.3510348377710364,103.84843292387485,BISHAN MRT STATION
Exit A,1.3201068759913108,103.86150235706886,BOON KENG MRT STATION
Exit B,1.3192351959974773,103.86190367551879,BOON KENG MRT STATION
Exit C,1.317914816472307,103.86070683328751,BOON KENG MRT STATION
Exit A,1.3382799880819698,103.7054089949691,BOON LAY MRT STATION
Exit B,1.338420695657893,103.70614554796673,BOON LAY MRT STATION
Exit C,1.3387381087333912,103.70595515261101,BOON LAY MRT STATION
Exit D,1.3386295077959716,103.70565003803485,BOON LAY MRT STATION
Exit E,1.338514120931197,103.70535335319977,BOON LAY MRT STATION
Exit F,1.3382732219770168,103.70579503136489,BOON LAY MRT STATION
Exit A,1.3225346329493606,103.81497690573431,BOTANIC GARDENS MRT STATION
Exit B,1.3226846123363898,103.81591414579154,BOTANIC GARDENS MRT STATION
Exit A,1.341068992069514,103.84642954072108,BRADDELL MRT STATION
Exit B,1.3407443190144652,103.84640649723127,BRADDELL MRT STATION
Exit C,1.3406721639431691,103.84744083059097,BRADDELL MRT STATION
Exit A,1.296858921771042,103.85132725338609,BRAS BASAH MRT STATION
Exit B,1.2960462130772386,103.85047427550748,BRAS BASAH MRT STATION
Exit C,1.2970144329639453,103.85024985270456,BRAS BASAH MRT STATION
Exit D,1.2975514851835557,103.8501575209801,BRAS BASAH MRT STATION
Exit E,1.297535451717088,103.85042319251075,BRAS BASAH MRT STATION
Exit 1,1.3640371821656152,103.83363541399386,BRIGHT HILL MRT STATION
Exit 2,1.3632827623551678,103.83351063156859,BRIGHT HILL MRT STATION
Exit 3,1.3621838048498118,103.83237571105509,BRIGHT HILL MRT STATION
Exit 4,1.3631639565255047,103.83195382945166,BRIGHT HILL MRT STATION
A,1.3834097909898952,103.89288383673062,BUANGKOK MRT STATION
Exit B,1.382649722820209,103.89346315223678,BUANGKOK MRT STATION
Exit A,1.3012040895646393,103.85592408146064,BUGIS MRT STATION
Exit B,1.3007821987656956,103.85633662767292,BUGIS MRT STATION
Exit C,1.3000069406998658,103.85568570391386,BUGIS MRT STATION
Exit D,1.2990788488867298,103.85689065486714,BUGIS MRT STATION
Exit A,1.3495610753524367,103.7499739902577,BUKIT BATOK MRT STATION
Exit B,1.349389587768077,103.7499369555793,BUKIT BATOK MRT STATION
Exit C,1.3495200607327413,103.74976656493072,BUKIT BATOK MRT STATION
Exit D,1.3484053759049566,103.74911839418894,BUKIT BATOK MRT STATION
Exit A,1.359069846241564,103.75207638937478,BUKIT GOMBAK MRT STATION
Exit B,1.3586952612690937,103.75209299569798,BUKIT GOMBAK MRT STATION
Exit C,1.3590649797518373,103.75172661484677,BUKIT GOMBAK MRT STATION
Exit D,1.3592978528191881,103.75195099052644,BUKIT GOMBAK MRT STATION
Exit A,1.378020383749656,103.76306355524726,BUKIT PANJANG LRT STATION
Exit B,1.3778632485675977,103.76317852054554,BUKIT PANJANG LRT STATION
Exit C,1.3779279277525465,103.76272252355642,BUKIT PANJANG LRT STATION
Exit D,1.378024102648342,103.76325185195583,BUKIT PANJANG LRT STATION
Exit A,1.3807451173057772,103.75959784357276,BUKIT PANJANG MRT STATION
Exit A,1.3787662376388572,103.76203436087093,BUKIT PANJANG MRT STATION
Exit A,1.379007969740763,103.76192293420945,BUKIT PANJANG MRT STATION
Exit B,1.3786188940125126,103.76137050495701,BUKIT PANJANG MRT STATION
Exit A,1.3073094507702407,103.79044917530257,BUONA VISTA MRT STATION
Exit B,1.3071972570585428,103.79065661943288,BUONA VISTA MRT STATION
Exit C,1.3069128886104584,103.79059939037006,BUONA VISTA MRT STATION
Exit D,1.3062981416247745,103.79093006515394,BUONA VISTA MRT STATION
Exit 1,1.337105316695643,103.83940673122467,CALDECOTT MRT STATION
Exit 2,1.3382597299418082,103.84038749923758,CALDECOTT MRT STATION
Exit 3,1.3378320231792558,103.84046474529944,CALDECOTT MRT STATION
Exit 4,1.3367508751106454,103.83988242975174,CALDECOTT MRT STATION
Exit A,1.443630141060561,103.82952797586145,CANBERRA MRT STATION
Exit B,1.4429351481829502,103.82996174120925,CANBERRA MRT STATION
Exit C,1.4428044654120509,103.82970029333653,CANBERRA MRT STATION
Exit D,1.443511338844814,103.82925464394748,CANBERRA MRT STATION
Exit E,1.4432559135570144,103.83011623317348,CANBERRA MRT STATION
Exit A,1.3698333185962925,103.76423448071098,CASHEW MRT STATION
E,1.318287499415408,103.89323439978084,CC9
F,1.3167375002646893,103.89260940023549,CC9
Exit A,1.3563414210048035,103.98927664241383,CHANGI AIRPORT MRT STATION
Exit B,1.3572202560601727,103.98730457979791,CHANGI AIRPORT MRT STATION
Exit A,1.3963732182354105,103.89368487427694,CHENG LIM LRT STATION
Exit B,1.3961869711232995,103.89392033157345,CHENG LIM LRT STATION
Exit A,1.2837127704301896,103.84379788809954,CHINATOWN MRT STATION
Exit C,1.284674897368101,103.8428128535836,CHINATOWN MRT STATION
Exit D,1.285406459986675,103.84347621052814,CHINATOWN MRT STATION
Exit E,1.2850440806089183,103.84442811940502,CHINATOWN MRT STATION
Exit F,1.2842747760727764,103.84546253179646,CHINATOWN MRT STATION
Exit G,1.284736083637029,103.8444585417297,CHINATOWN MRT STATION
Exit A,1.3424387432399767,103.73222015482936,CHINESE GARDEN MRT STATION
Exit B,1.3419820895649266,103.73274182554528,CHINESE GARDEN MRT STATION
Exit C,1.3415658263325776,103.73339313576297,CHINESE GARDEN MRT STATION
Exit B,1.3849796641871803,103.7445951430258,CHOA CHU KANG LRT STATION
Exit E,1.3849999997274485,103.74462000044716,CHOA CHU KANG LRT STATION
Exit A,1.385431280875975,103.7445571353678,CHOA CHU KANG MRT STATION
Exit A,1.3853999999695223,103.744560000291,CHOA CHU KANG MRT STATION
Exit B,1.3845999997090193,103.74447000005159,CHOA CHU KANG MRT STATION
Exit C,1.3857361854031247,103.74451779877056,CHOA CHU KANG MRT STATION
Exit C,1.385729999564578,103.74447000018996,CHOA CHU KANG MRT STATION
Exit D,1.3853699997077467,103.74411000039194,CHOA CHU KANG MRT STATION
Exit D,1.3857053906700119,103.7442235839257,CHOA CHU KANG MRT STATION
Exit A,1.2932271103418318,103.85302041355058,CITY HALL MRT STATION
Exit B,1.2930999185799508,103.8519602177464,CITY HALL MRT STATION
Exit C,1.2930418479082573,103.85298028770758,CITY HALL MRT STATION
Exit D,1.2934548259513226,103.85180233380913,CITY HALL MRT STATION
Exit A,1.2868987878357088,103.84606454377302,CLARKE QUAY MRT STATION
Exit B,1.2878057526558389,103.84590343273553,CLARKE QUAY MRT STATION
Exit C,1.289383851872467,103.84666583385501,CLARKE QUAY MRT STATION
Exit E,1.2890001830713862,103.84703264329924,CLARKE QUAY MRT STATION
Exit F,1.2894055668026585,103.84712974273279,CLARKE QUAY MRT STATION
Exit G,1.2891992578180935,103.84659390916543,CLARKE QUAY MRT STATION
Exit A,1.3153735578744434,103.76498210259511,CLEMENTI MRT STATION
Exit B,1.3154691294316818,103.76518556672941,CLEMENTI MRT STATION
Exit C,1.3141622981069079,103.76574981571945,CLEMENTI MRT STATION
Exit D,1.3140784143450015,103.76557011618358,CLEMENTI MRT STATION
Exit A,1.3026481614077343,103.79795829226589,COMMONWEALTH MRT STATION
Exit B,1.3027527769977458,103.79805788203096,COMMONWEALTH MRT STATION
Exit C,1.3020770458031892,103.7987785726048,COMMONWEALTH MRT STATION
Exit D,1.3020127193513336,103.7987202587723,COMMONWEALTH MRT STATION
Exit A,1.3943275215100395,103.90061646960031,COMPASSVALE LRT STATION
Exit B,1.394534172299889,103.90070659755264,COMPASSVALE LRT STATION
Exit A,1.3936846522216244,103.91265223396981,CORAL EDGE LRT STATION
Exit B,1.3939708071108299,103.91270874436744,CORAL EDGE LRT STATION
Exit A,1.3991243935090023,103.90592873577582,COVE LRT STATION
Exit B,1.3993026566088154,103.90617601360019,COVE LRT STATION
Exit A,1.308814187524259,103.88930721534395,DAKOTA MRT STATION
Exit B,1.3080967504054488,103.88797933768159,DAKOTA MRT STATION
Exit A,1.4052846134337436,103.90879222699208,DAMAI LRT STATION
Exit B,1.4050460283087411,103.90861385602817,DAMAI LRT STATION
Exit A,1.2984450920481716,103.84678797178553,DHOBY GHAUT MRT STATION
Exit B,1.2990558907089098,103.84522955892908,DHOBY GHAUT MRT STATION
Exit C,1.299649242161315,103.8447478571907,DHOBY GHAUT MRT STATION
Exit D,1.29993066561743,103.8450301318641,DHOBY GHAUT MRT STATION
Exit E,1.2997484706698177,103.84537229423007,DHOBY GHAUT MRT STATION
Exit F,1.299634891911056,103.84584231801777,DHOBY GHAUT MRT STATION
Exit A,1.3114154334487695,103.7783047152878,DOVER MRT STATION
Exit B,1.3116931916796435,103.7784647713041,DOVER MRT STATION
Exit A,1.2797734552829652,103.85264656001088,DOWNTOWN MRT STATION
Exit B,1.2796013182822525,103.85290812847026,DOWNTOWN MRT STATION
Exit C,1.2794443683916052,103.85315209196104,DOWNTOWN MRT STATION
Exit D,1.2791760407808874,103.85301375913124,DOWNTOWN MRT STATION
Exit E,1.2795279106323079,103.85247804639863,DOWNTOWN MRT STATION
Exit F,1.2797962396920595,103.85242774644063,DOWNTOWN MRT STATION
D,1.2826000004195686,103.84809999968618,DT18
E,1.282700000363803,103.84750000000379,DT18
1,1.3550632998007643,103.76869550039065,DT4
2,1.3548287003188688,103.7686516998054,DT4
Exit A,1.2933705482768734,103.8563055547391,ESPLANADE MRT STATION
Exit B,1.2929271873364572,103.85617567093513,ESPLANADE MRT STATION
Exit C,1.2929043369195197,103.85585520377214,ESPLANADE MRT STATION
Exit D,1.2926237434666497,103.85583375578965,ESPLANADE MRT STATION
Exit E,1.2931288136602324,103.85556784106937,ESPLANADE MRT STATION
Exit F,1.2938195073126744,103.85510463211058,ESPLANADE MRT STATION
Exit G,1.2935864007363411,103.85492020244,ESPLANADE MRT STATION
Exit A,1.3195172748993538,103.9028941378417,EUNOS MRT STATION
Exit B,1.3195625452697972,103.90258207761774,EUNOS MRT STATION
Exit C,1.3195299188012677,103.90321518697834,EUNOS MRT STATION
Exit A,1.3354828221659554,103.96183679508403,EXPO MRT STATION
Exit A,1.3353217243389148,103.96194295822608,EXPO MRT STATION
Exit B,1.3352529442369512,103.96207528759587,EXPO MRT STATION
Exit C,1.3359509717156908,103.96216102186416,EXPO MRT STATION
Exit D,1.3348348883432715,103.96310068176199,EXPO MRT STATION
Exit E,1.3348633135054835,103.96212337687385,EXPO MRT STATION
Exit F,1.3347119482410732,103.96286574628039,EXPO MRT STATION
Exit G,1.3350193203868175,103.96304900743186,EXPO MRT STATION
Exit A,1.3844650711796456,103.77067551844488,FAJAR LRT STATION
Exit A,1.3972003445750807,103.88940744788181,FARMWAY LRT STATION
Exit B,1.3971334775058415,103.88911501684758,FARMWAY LRT STATION
Exit A,1.312326909037027,103.85477274737836,FARRER PARK MRT STATION
Exit B,1.313543965975699,103.85476376775568,FARRER PARK MRT STATION
Exit C,1.311910678691349,103.85326682482192,FARRER PARK MRT STATION
Exit D,1.3124536063930647,103.85297463523698,FARRER PARK MRT STATION
Exit E,1.3118835372381634,103.85265097067983,FARRER PARK MRT STATION
Exit F,1.3114220464813349,103.85319939114183,FARRER PARK MRT STATION
Exit G,1.3122590364129927,103.85550098237228,FARRER PARK MRT STATION
Exit H,1.3118835080609075,103.8560988521155,FARRER PARK MRT STATION
Exit I,1.311765877296202,103.85580665725489,FARRER PARK MRT STATION
Exit A,1.31749372589551,103.80796523070785,FARRER ROAD MRT STATION
Exit B,1.3175520161722278,103.80738923455762,FARRER ROAD MRT STATION
Exit A,1.3921582676260966,103.87626165389224,FERNVALE LRT STATION
Exit A,1.2924060955782486,103.84417003419682,FORT CANNING MRT STATION
Exit B,1.2928302759457175,103.84442503156531,FORT CANNING MRT STATION
Exit 1,1.280370755955639,103.86858673411133,GARDENS BY THE BAY MRT STATION
Exit 2,1.2788262233339731,103.86796876727624,GARDENS BY THE BAY MRT STATION
Exit 3,1.2783034399681215,103.86715412214197,GARDENS BY THE BAY MRT STATION
Exit A,1.3215616987402512,103.87155560756929,GEYLANG BAHRU MRT STATION
Exit B,1.3211091157953243,103.87179427142719,GEYLANG BAHRU MRT STATION
Exit 1,1.2933209760726394,103.83390463124832,GREAT WORLD MRT STATION
Exit 2,1.2928694999212986,103.83262710318911,GREAT WORLD MRT STATION
Exit 3,1.2938199765544345,103.83273405917555,GREAT WORLD MRT STATION
Exit 4,1.296029832789246,103.83303710057669,GREAT WORLD MRT STATION
Exit 5,1.2965525945647354,103.83340550437103,GREAT WORLD MRT STATION
Exit 6,1.293184344647582,103.83284101464868,GREAT WORLD MRT STATION
Exit A,1.31903226656851,103.6604441438593,GUL CIRCLE MRT STATION
Exit B,1.3188371831334533,103.65943494551723,GUL CIRCLE MRT STATION
Exit A,1.2650850346118385,103.82250980721876,HARBOURFRONT MRT STATION
Exit A,1.2660131831978316,103.82046835046091,HARBOURFRONT MRT STATION
Exit B,1.2651546823431958,103.82050881113204,HARBOURFRONT MRT STATION
Exit C,1.265259883734691,103.82253165162558,HARBOURFRONT MRT STATION
Exit D,1.2659792549959068,103.82139885715415,HARBOURFRONT MRT STATION
Exit E,1.2649719595912232,103.82158029169962,HARBOURFRONT MRT STATION
Exit 1,1.2866767448179222,103.83383975335771,HAVELOCK MRT STATION
Exit 2,1.2869440669876508,103.8334951182318,HAVELOCK MRT STATION
Exit 3,1.2888435633535371,103.83336952027848,HAVELOCK MRT STATION
Exit 4,1.2901668941642899,103.83400349617219,HAVELOCK MRT STATION
Exit 5,1.289560964282313,103.8339619016366,HAVELOCK MRT STATION
Exit A,1.2830552735417646,103.7820063970724,HAW PAR VILLA MRT STATION
Exit A,1.3624742379450678,103.76768829010308,HILLVIEW MRT STATION
Exit B,1.3620843399177323,103.76710845993587,HILLVIEW MRT STATION
Exit A,1.3112202657771888,103.79613910248287,HOLLAND VILLAGE MRT STATION
Exit B,1.3110694836596164,103.79576910839042,HOLLAND VILLAGE MRT STATION
Exit C,1.3107112013327236,103.79575377011341,HOLLAND VILLAGE MRT STATION
Exit A,1.370208578260921,103.89244572315859,HOUGANG MRT STATION
Exit B,1.3719461165527262,103.89297240097162,HOUGANG MRT STATION
Exit C,1.372141834832888,103.89197502913501,HOUGANG MRT STATION
Exit A,1.304889894129293,103.8552961254143,JALAN BESAR MRT STATION
Exit B,1.3054672798932725,103.85524456461457,JALAN BESAR MRT STATION
Exit A,1.3868326995309255,103.76467679284494,JELAPANG LRT STATION
Exit A,1.3275020844586545,103.67852070901132,JOO KOON MRT STATION
Exit B,1.3279561114378626,103.67864407707678,JOO KOON MRT STATION
Exit A,1.3339896039381867,103.74175989830943,JURONG EAST MRT STATION
Exit B,1.3325262356481666,103.74264016298261,JURONG EAST MRT STATION
Exit C,1.3327486846258436,103.74276208165342,JURONG EAST MRT STATION
Exit D,1.3335813310891886,103.74229819330705,JURONG EAST MRT STATION
Exit A,1.3998092631501848,103.91638745848152,KADALOOR LRT STATION
Exit B,1.399411467180394,103.91651713032786,KADALOOR LRT STATION
Exit A,1.3353112063695616,103.90940509862578,KAKI BUKIT MRT STATION
Exit B,1.3349218903427178,103.90914627626276,KAKI BUKIT MRT STATION
Exit A,1.3115404829755273,103.87173056416847,KALLANG MRT STATION
Exit B,1.311781770543804,103.87158707586144,KALLANG MRT STATION
Exit A,1.3840745028734758,103.90214755814063,KANGKAR LRT STATION
Exit B,1.3837652031672463,103.90227636802918,KANGKAR LRT STATION
Exit 1,1.2975385117765033,103.88709207500811,KATONG PARK MRT STATION
Exit 2,1.2983796827911394,103.88506921760501,KATONG PARK MRT STATION
Exit A,1.3784649670168292,103.74922684160637,KEAT HONG LRT STATION
Exit A,1.3209237602820207,103.91294107940732,KEMBANGAN MRT STATION
Exit B,1.3211521080554456,103.91289928874629,KEMBANGAN MRT STATION
Exit A,1.2943158870094893,103.78446589536516,KENT RIDGE MRT STATION
Exit B,1.292428115908549,103.78480963188217,KENT RIDGE MRT STATION
Exit C,1.2939847851670137,103.784490451682,KENT RIDGE MRT STATION
Exit D,1.2932188028411657,103.78453465663856,KENT RIDGE MRT STATION
Exit A,1.4170582124269768,103.83292241700968,KHATIB MRT STATION
Exit B,1.4171434179297155,103.83270666774294,KHATIB MRT STATION
Exit C,1.4175447068525804,103.83288691369441,KHATIB MRT STATION
Exit D,1.4178690371168612,103.83323102003853,KHATIB MRT STATION
Exit A,1.335537077669763,103.78303026021548,KING ALBERT PARK MRT STATION
Exit B,1.33597604551556,103.78456158478065,KING ALBERT PARK MRT STATION
Exit A,1.3597075887012466,103.8843074286358,KOVAN MRT STATION
Exit B,1.3602056230632658,103.88472173212224,KOVAN MRT STATION
Exit C,1.3600280101444633,103.88545057800044,KOVAN MRT STATION
Exit A,1.4247391712175417,103.76201851559114,KRANJI MRT STATION
Exit B,1.4248526446610568,103.76194060609642,KRANJI MRT STATION
Exit C,1.4251259491570445,103.76175468556137,KRANJI MRT STATION
Exit D,1.4251249593550084,103.76249677052948,KRANJI MRT STATION
Exit A,1.3982841977600906,103.88113916979948,KUPANG LRT STATION
Exit B,1.3981587914724123,103.88113793620703,KUPANG LRT STATION
Exit A,1.2721069580543352,103.80235555366292,LABRADOR PARK MRT STATION
Exit A,1.3439833412621969,103.720448529393,LAKESIDE MRT STATION
Exit B,1.344081457519484,103.72107541274288,LAKESIDE MRT STATION
Exit C,1.3443041699686624,103.72171282700319,LAKESIDE MRT STATION
Exit A,1.307169460472736,103.86304306290333,LAVENDER MRT STATION
Exit B,1.3076185391316715,103.86265031662273,LAVENDER MRT STATION
Exit A,1.3920261721317324,103.88015973051905,LAYAR LRT STATION
Exit B,1.3921445374146684,103.88014279914344,LAYAR LRT STATION
Exit 1,1.3854098299074886,103.8353599767011,LENTOR MRT STATION
Exit 2,1.3858909900868417,103.83582345202382,LENTOR MRT STATION
Exit 3,1.38460195423691,103.83739808002932,LENTOR MRT STATION
Exit 4,1.3836277515432962,103.83733866006392,LENTOR MRT STATION
Exit 5,1.384162375361772,103.83683953269572,LENTOR MRT STATION
Exit A,1.3056052510392235,103.84936002946029,LITTLE INDIA MRT STATION
Exit B,1.306563555357783,103.84898508971142,LITTLE INDIA MRT STATION
Exit C,1.3063515540862423,103.84970482293288,LITTLE INDIA MRT STATION
Exit D,1.3068547371908685,103.84899998224137,LITTLE INDIA MRT STATION
Exit E,1.3074264443989476,103.85032215995454,LITTLE INDIA MRT STATION
Exit F,1.307683536558851,103.84830439913581,LITTLE INDIA MRT STATION
Exit A,1.3514391035751394,103.86493367346459,LORONG CHUAN MRT STATION
Exit B,1.3517385379127682,103.86291829995642,LORONG CHUAN MRT STATION
Exit A,1.3266787588073006,103.88979333652624,MACPHERSON MRT STATION
Exit B,1.325855030181965,103.89066567522076,MACPHERSON MRT STATION
Exit C,1.32548152990651,103.89026256557356,MACPHERSON MRT STATION
Exit D,1.3251454586796771,103.88845483437636,MACPHERSON MRT STATION
Exit E,1.3261927775504818,103.88861521167733,MACPHERSON MRT STATION
Exit 1,1.2773530329779264,103.85447003295413,MARINA BAY MRT STATION
Exit 2,1.2761589313162336,103.85500333791994,MARINA BAY MRT STATION
Exit 3,1.2754163658971882,103.85537174149034,MARINA BAY MRT STATION
Exit 4,1.2736342091095512,103.85648883626318,MARINA BAY MRT STATION
Exit 5,1.2746932644544062,103.85431950195625,MARINA BAY MRT STATION
Exit 1,1.2735748044859307,103.8615038787278,MARINA SOUTH MRT STATION
Exit 2,1.2738599495197072,103.86177721011121,MARINA SOUTH MRT STATION
Exit 3,1.273135205086787,103.86289430462864,MARINA SOUTH MRT STATION
Exit 4,1.2755114146116426,103.86266850887442,MARINA SOUTH MRT STATION
Exit A,1.2705299895186322,103.86233005096989,MARINA SOUTH PIER MRT STATION
Exit B,1.2714378371622164,103.86357966976392,MARINA SOUTH PIER MRT STATION
Exit 1,1.3020932936434937,103.9059103666293,MARINE PARADE MRT STATION
Exit 2,1.302531699392386,103.90459124473303,MARINE PARADE MRT STATION
Exit 3,1.303593996641583,103.90605286229047,MARINE PARADE MRT STATION
Exit 4,1.3045658550115677,103.90762749031286,MARINE PARADE MRT STATION
Exit 5,1.3055802189000016,103.90909370848797,MARINE PARADE MRT STATION
Exit 6,1.3042985347100633,103.90778792411058,MARINE PARADE MRT STATION
Exit 1,1.3063987001480175,103.91505222707929,MARINE TERRACE MRT STATION
Exit 2,1.3057892098989736,103.91325299089799,MARINE TERRACE MRT STATION
Exit 3,1.3065792892039465,103.91308661583462,MARINE TERRACE MRT STATION
Exit 4,1.3068953217431258,103.91502013985657,MARINE TERRACE MRT STATION
Exit 5,1.307438278403651,103.91708914206795,MARINE TERRACE MRT STATION
Exit 6,1.3070628420288448,103.91694534600546,MARINE TERRACE MRT STATION
Exit A,1.4328016943533108,103.77421049331159,MARSILING MRT STATION
Exit B,1.432751371720061,103.77441052069655,MARSILING MRT STATION
Exit C,1.4324695224000648,103.7738204510363,MARSILING MRT STATION
Exit D,1.4327513609845839,103.77399713337503,MARSILING MRT STATION
Exit A,1.3489803864213659,103.83908795680053,MARYMOUNT MRT STATION
Exit B,1.3478660721730777,103.84005891807723,MARYMOUNT MRT STATION
Exit A,1.327251414091795,103.88273206724486,MATTAR MRT STATION
Exit B,1.3264635221670715,103.88374838731283,MATTAR MRT STATION
Exit 1,1.2810342552625935,103.84416441347508,MAXWELL MRT STATION
Exit 2,1.2809194365909107,103.84489545926178,MAXWELL MRT STATION
Exit 3,1.2801915223809375,103.84291630554293,MAXWELL MRT STATION
Exit 1,1.3727039723470345,103.83671675130967,MAYFLOWER MRT STATION
Exit 2,1.3737197610491918,103.837031676998,MAYFLOWER MRT STATION
Exit 3,1.3735320920974323,103.83746104124462,MAYFLOWER MRT STATION
Exit 4,1.3712763229015377,103.83679597809743,MAYFLOWER MRT STATION
Exit 5,1.3707773381548525,103.83676032658745,MAYFLOWER MRT STATION
Exit 6,1.370896144193217,103.83630873474603,MAYFLOWER MRT STATION
Exit 7,1.3713773076184756,103.83628496724023,MAYFLOWER MRT STATION
Exit A,1.3966810501386635,103.90896583318727,MERIDIAN LRT STATION
Exit B,1.397121689799433,103.90886949615401,MERIDIAN LRT STATION
Exit A,1.3067527102284724,103.8825975357342,MOUNTBATTEN MRT STATION
Exit B,1.3060459256607546,103.88324829270354,MOUNTBATTEN MRT STATION
Exit 1,1.3069359879223381,103.81948377777624,NAPIER MRT STATION
Exit 2,1.3063449793684014,103.8195066211851,NAPIER MRT STATION
Exit A,1.312597796688079,103.83788132539095,NEWTON MRT STATION
Exit B,1.3120754621212656,103.83821906936093,NEWTON MRT STATION
Exit C,1.313617269149807,103.83824238163545,NEWTON MRT STATION
Exit A,1.4117727733571026,103.90007380805265,NIBONG LRT STATION
Exit B,1.4119103237022979,103.90053155420699,NIBONG LRT STATION
Exit A,1.3001696897088442,103.8635059552432,NICOLL HIGHWAY MRT STATION
Exit B,1.2996607596837686,103.86415174770211,NICOLL HIGHWAY MRT STATION
Exit A,1.321094868302358,103.84438933387052,NOVENA MRT STATION
Exit B,1.3198958860347805,103.84333973347628,NOVENA MRT STATION
Exit A,1.4025071314475719,103.91264613306079,OASIS LRT STATION
Exit B,1.4021037193748016,103.91275457379543,OASIS LRT STATION
Exit A,1.2990274987228132,103.78690746632078,ONE-NORTH MRT STATION
Exit B,1.3003594934794571,103.78792780616781,ONE-NORTH MRT STATION
Exit C,1.2997146976063356,103.78756545620355,ONE-NORTH MRT STATION
Exit D,1.3000747028842092,103.78778481055383,ONE-NORTH MRT STATION
Exit 1,1.3036239533903895,103.82363789843602,ORCHARD BOULEVARD MRT STATION
Exit 2,1.3024633242845058,103.82389561211956,ORCHARD BOULEVARD MRT STATION
Exit 1,1.304892178137147,103.83252425937934,ORCHARD MRT STATION
Exit 10,1.3040457054348609,103.83112657424772,ORCHARD MRT STATION
Exit 11,1.3042179790540407,103.83049672354741,ORCHARD MRT STATION
Exit 12,1.302857614748984,103.8306630989529,ORCHARD MRT STATION
Exit 13,1.3022992113235183,103.83212482963054,ORCHARD MRT STATION
Exit 2,1.3043543985604196,103.8326196115145,ORCHARD MRT STATION
Exit 3,1.304161137655932,103.83277079650809,ORCHARD MRT STATION
Exit 4,1.3045604741192454,103.83203980088224,ORCHARD MRT STATION
Exit 5,1.303944717459933,103.83202381515746,ORCHARD MRT STATION
Exit 6,1.3036476952659275,103.83232091515383,ORCHARD MRT STATION
Exit 7,1.3031675344788836,103.83217160123877,ORCHARD MRT STATION
Exit 8,1.303445719589311,103.83178613555991,ORCHARD MRT STATION
Exit 9,1.3036655162164055,103.83150686184108,ORCHARD MRT STATION
Exit 1,1.2816024282435041,103.83865770171187,OUTRAM PARK MRT STATION
Exit 2,1.2816753456885712,103.8389348372173,OUTRAM PARK MRT STATION
Exit 3,1.280993276156108,103.83978923248007,OUTRAM PARK MRT STATION
Exit 4,1.280213353869118,103.84038678709574,OUTRAM PARK MRT STATION
Exit 5,1.2789469557328974,103.83954924144093,OUTRAM PARK MRT STATION
Exit 6,1.27905123851202,103.83853725196758,OUTRAM PARK MRT STATION
Exit 7,1.2810220177189033,103.83864019518941,OUTRAM PARK MRT STATION
Exit 8,1.2823216309524463,103.83811712967395,OUTRAM PARK MRT STATION
Exit A,1.276003232785054,103.79203018692041,PASIR PANJANG MRT STATION
Exit A,1.3728419690805276,103.94933342664457,PASIR RIS MRT STATION
Exit B,1.372886236352008,103.94913694034909,PASIR RIS MRT STATION
Exit A,1.3182159921500778,103.89278832410525,PAYA LEBAR MRT STATION
Exit B,1.3183474668988477,103.89221716863163,PAYA LEBAR MRT STATION
Exit C,1.3181492854313128,103.8917211215916,PAYA LEBAR MRT STATION
Exit D,1.3165877194692752,103.89207769924559,PAYA LEBAR MRT STATION
Exit A,1.376297117193637,103.77132784229688,PENDING LRT STATION
Exit A,1.37760322809516,103.76679301496294,PETIR LRT STATION
Exit A,1.378614068213967,103.75825247510643,PHOENIX LRT STATION
Exit A,1.3373446269204403,103.69715537341133,PIONEER MRT STATION
Exit B,1.3378316280054785,103.69712945287633,PIONEER MRT STATION
Exit A,1.3328013522428703,103.86896644470293,POTONG PASIR MRT STATION
Exit B,1.3311481407339933,103.86933323936297,POTONG PASIR MRT STATION
Exit C,1.3310667109798315,103.86870389318757,POTONG PASIR MRT STATION
Exit A,1.2917116609988615,103.86067361130195,PROMENADE MRT STATION
Exit B,1.2938620878762646,103.86013688440227,PROMENADE MRT STATION
Exit C,1.2941027563615055,103.86023648411177,PROMENADE MRT STATION
Exit C,1.4043006257297816,103.90211563918285,PUNGGOL LRT STATION
Exit D,1.404438336178063,103.90179852436347,PUNGGOL LRT STATION
Exit A,1.405339576226845,103.90230599665618,PUNGGOL MRT STATION
Exit B,1.4051862417636451,103.90259819698754,PUNGGOL MRT STATION
Exit A,1.4169147679142875,103.90681779233337,PUNGGOL POINT LRT STATION
Exit B,1.4166640679409692,103.9066933049236,PUNGGOL POINT LRT STATION
Exit A,1.2942472621509544,103.80618277713309,QUEENSTOWN MRT STATION
Exit B,1.2943299089060527,103.80631147275847,QUEENSTOWN MRT STATION
Exit C,1.2954462560700986,103.80558472989604,QUEENSTOWN MRT STATION
Exit D,1.2953829305261282,103.80549220488795,QUEENSTOWN MRT STATION
Exit A,1.2841251477036855,103.85143835365814,RAFFLES PLACE MRT STATION
Exit B,1.2846068745370232,103.85147997829907,RAFFLES PLACE MRT STATION
Exit C,1.2836305207274084,103.8515625354869,RAFFLES PLACE MRT STATION
Exit D,1.283641390877421,103.85135321456237,RAFFLES PLACE MRT STATION
Exit E,1.2832115821243628,103.8515225951546,RAFFLES PLACE MRT STATION
Exit F,1.2825385749191898,103.85096090209325,RAFFLES PLACE MRT STATION
Exit G,1.2850168973017784,103.85147813199741,RAFFLES PLACE MRT STATION
Exit H,1.285258281201247,103.85162171586596,RAFFLES PLACE MRT STATION
Exit I,1.282382307297459,103.85143330239858,RAFFLES PLACE MRT STATION
Exit J,1.28262623356678,103.85129603343073,RAFFLES PLACE MRT STATION
Exit A,1.3841763860698961,103.89732172381714,RANGGUNG LRT STATION
Exit B,1.3841048834051197,103.8972239380547,RANGGUNG LRT STATION
Exit A,1.2893707046735148,103.81699445855267,REDHILL MRT STATION
Exit B,1.2894858753609895,103.81724937307973,REDHILL MRT STATION
Exit A,1.3866979558885189,103.89040916173235,RENJONG LRT STATION
Exit B,1.386814144215554,103.89043819212365,RENJONG LRT STATION
Exit A,1.3943256111183955,103.91626309852711,RIVIERA LRT STATION
Exit B,1.3945590659696856,103.91593547052074,RIVIERA LRT STATION
Exit A,1.3034041065355197,103.85237502163348,ROCHOR MRT STATION
Exit B,1.304214777033743,103.85310433564943,ROCHOR MRT STATION
Exit A,1.3913404864174224,103.9060187916516,RUMBIA LRT STATION
Exit B,1.3914142417871276,103.90610581936582,RUMBIA LRT STATION
Exit A,1.4097025000417631,103.90503857100495,SAM KEE LRT STATION
Exit B,1.4098276724417222,103.9047922799363,SAM KEE LRT STATION
Exit A,1.4158653604828477,103.90191150962721,SAMUDERA LRT STATION
Exit B,1.41590585709171,103.90236156011096,SAMUDERA LRT STATION
Exit A,1.3878115559952267,103.76940991480218,SEGAR LRT STATION
Exit A,1.4488373194331288,103.82010973575841,SEMBAWANG MRT STATION
Exit B,1.4487682603258423,103.81979020457172,SEMBAWANG MRT STATION
Exit C,1.44915683716069,103.81975896600352,SEMBAWANG MRT STATION
Exit D,1.448927331537594,103.82040156029227,SEMBAWANG MRT STATION
Exit A,1.3918291197182173,103.89540572075428,SENGKANG MRT STATION
Exit B,1.3917956376620702,103.89563689436537,SENGKANG MRT STATION
Exit C,1.3908815860944936,103.89520939988465,SENGKANG MRT STATION
Exit D,1.3923708436315307,103.89570545661016,SENGKANG MRT STATION
Exit A,1.3828754471752023,103.76232576657173,SENJA LRT STATION
Exit A,1.3494816802550018,103.87395739539099,SERANGOON MRT STATION
Exit B,1.3498337382561254,103.87364132190379,SERANGOON MRT STATION
Exit C,1.350595104421425,103.87369401449845,SERANGOON MRT STATION
Exit D,1.3499015921064987,103.87432194657637,SERANGOON MRT STATION
Exit E,1.3508202454303972,103.87290211634077,SERANGOON MRT STATION
Exit F,1.3509482779369533,103.87144934034903,SERANGOON MRT STATION
Exit G,1.3507901994138853,103.87286669539574,SERANGOON MRT STATION
Exit H,1.3497276995143592,103.873546495734,SERANGOON MRT STATION
Exit 1,1.2774620583356546,103.85183570738151,SHENTON WAY MRT STATION
Exit 2,1.2770030544242335,103.85091509462848,SHENTON WAY MRT STATION
Exit 3,1.277629581126691,103.85012877107079,SHENTON WAY MRT STATION
Exit 4,1.2776559417698303,103.85103408604942,SHENTON WAY MRT STATION
Exit 5,1.2771436461188985,103.85180797805077,SHENTON WAY MRT STATION
Exit 6,1.2779292050949722,103.84989322327651,SHENTON WAY MRT STATION
Exit 1,1.3088503155584577,103.9287926248893,SIGLAP MRT STATION
Exit 2,1.309776570718989,103.92858629687198,SIGLAP MRT STATION
Exit 3,1.310589222582442,103.93124593288341,SIGLAP MRT STATION
Exit 4,1.3102017218908424,103.9312910608542,SIGLAP MRT STATION
Exit A,1.3426617945337078,103.953818676297,SIMEI MRT STATION
Exit A,1.330780469946184,103.79656608212053,SIXTH AVENUE MRT STATION
Exit B,1.3315213014357175,103.7968481782287,SIXTH AVENUE MRT STATION
Exit A,1.3000284884873998,103.83839932657575,SOMERSET MRT STATION
Exit B,1.300766518771738,103.838458985164,SOMERSET MRT STATION
Exit C,1.3004362205899318,103.83876558428138,SOMERSET MRT STATION
Exit D,1.3002411386798598,103.83973414808479,SOMERSET MRT STATION
Exit A,1.4050149248670734,103.897029921817,SOO TECK LRT STATION
Exit B,1.4052448994991427,103.89740857212135,SOO TECK LRT STATION
Exit A,1.3803176569910298,103.74510113107972,SOUTH VIEW LRT STATION
Exit 1,1.3987872483653485,103.81800341495403,SPRINGLEAF MRT STATION
Exit 2,1.3978208040575055,103.81839060713808,SPRINGLEAF MRT STATION
Exit 3,1.3976841788785623,103.81808162380058,SPRINGLEAF MRT STATION
Exit A,1.3025110877234043,103.87439998828935,STADIUM MRT STATION
Exit B,1.3033702260202458,103.87622623397485,STADIUM MRT STATION
Exit 1,1.319951635106423,103.82572837817727,STEVENS MRT STATION
Exit 2,1.3188288961882542,103.82601359358057,STEVENS MRT STATION
Exit 3,1.3194704609951542,103.82499157064271,STEVENS MRT STATION
Exit 4,1.321519904255611,103.82588286965881,STEVENS MRT STATION
Exit 5,1.320937743414412,103.8263225771446,STEVENS MRT STATION
Exit A,1.4083684310204716,103.89833568007762,SUMANG LRT STATION
Exit B,1.4084879018383736,103.8987571239555,SUMANG LRT STATION
Exit A,1.3359140849264504,103.88762743726211,TAI SENG MRT STATION
Exit B,1.3346208772307528,103.88821406777215,TAI SENG MRT STATION
Exit A,1.356460761667418,103.95454044078075,TAMPINES EAST MRT STATION
Exit B,1.3555882263947188,103.95517001422066,TAMPINES EAST MRT STATION
Exit C,1.3555531715017815,103.95570471137918,TAMPINES EAST MRT STATION
Exit D,1.3569701935566743,103.95571743792196,TAMPINES EAST MRT STATION
Exit A,1.3537640125402173,103.94476631210706,TAMPINES MRT STATION
Exit B,1.3535390816670922,103.94508956333436,TAMPINES MRT STATION
Exit C,1.353398312649212,103.9449039578947,TAMPINES MRT STATION
Exit D,1.354870574817919,103.94367818203155,TAMPINES MRT STATION
Exit E,1.355853444764249,103.94265881069441,TAMPINES MRT STATION
Exit F,1.3541939276064219,103.94265368187834,TAMPINES MRT STATION
Exit G,1.3545963387281112,103.94272349669535,TAMPINES MRT STATION
Exit A,1.3456305876139147,103.93819674000568,TAMPINES WEST MRT STATION
Exit B,1.3449991975144835,103.93894850378165,TAMPINES WEST MRT STATION
Exit A,1.3253330690801757,103.80779911907287,TAN KAH KEE MRT STATION
Exit B,1.3261461588254935,103.80780087370651,TAN KAH KEE MRT STATION
Exit A,1.3268577483881843,103.94579472792945,TANAH MERAH MRT STATION
Exit B,1.3270612758143558,103.9457230415822,TANAH MERAH MRT STATION
Exit 1,1.2990386927771713,103.89704545419403,TANJONG KATONG MRT STATION
Exit 2,1.2990161196075827,103.89769313140535,TANJONG KATONG MRT STATION
Exit 3,1.300229200662339,103.89771528877114,TANJONG KATONG MRT STATION
Exit A,1.2764085007399384,103.84483401420995,TANJONG PAGAR MRT STATION
Exit B,1.2766717422526974,103.8465445904738,TANJONG PAGAR MRT STATION
Exit C,1.2760892299950208,103.84653355796422,TANJONG PAGAR MRT STATION
Exit D,1.276064828263426,103.84690880020437,TANJONG PAGAR MRT STATION
Exit E,1.2762591011325783,103.84709579119706,TANJONG PAGAR MRT STATION
Exit F,1.2773794881071403,103.84692758023486,TANJONG PAGAR MRT STATION
Exit G,1.277784540365026,103.8469531475443,TANJONG PAGAR MRT STATION
Exit H,1.2754509043453175,103.8464450884119,TANJONG PAGAR MRT STATION
Exit I,1.2764479679167846,103.84565600388527,TANJONG PAGAR MRT STATION
Exit 1,1.296459488281608,103.87347790491667,TANJONG RHU MRT STATION
Exit 2,1.2982000462876002,103.8736026871191,TANJONG RHU MRT STATION
Exit A,1.4128757347357002,103.90678152950578,TECK LEE LRT STATION
Exit B,1.41292900309077,103.90651078993365,TECK LEE LRT STATION
Exit A,1.3765641949369936,103.75382610234246,TECK WHYE LRT STATION
Exit A,1.2818873892355847,103.84850654389615,TELOK AYER MRT STATION
Exit B,1.2824972750387271,103.84877332815995,TELOK AYER MRT STATION
Exit C,1.282250664264074,103.84884165606141,TELOK AYER MRT STATION
Exit A,1.2707212262114045,103.80988373092025,TELOK BLANGAH MRT STATION
Exit A,1.3971980359239675,103.87556636438234,THANGGAM LRT STATION
Exit B,1.3971924583386544,103.87568683695845,THANGGAM LRT STATION
Exit A,1.285759455898818,103.82699059514609,TIONG BAHRU MRT STATION
Exit B,1.286361941390426,103.8274964133934,TIONG BAHRU MRT STATION
Exit A,1.3323764420302064,103.84772380431387,TOA PAYOH MRT STATION
Exit B,1.3323155366467678,103.847577567476,TOA PAYOH MRT STATION
Exit C,1.3329941018374794,103.84731977363178,TOA PAYOH MRT STATION
Exit D,1.3332787459863253,103.84651740615568,TOA PAYOH MRT STATION
Exit A,1.3891801609980827,103.88596211411945,TONGKANG LRT STATION
Exit B,1.3893790079485524,103.88608435738307,TONGKANG LRT STATION
Exit A,1.3207638171122238,103.64895874126714,TUAS CRESCENT MRT STATION
Exit B,1.3212435963986766,103.64928678910867,TUAS CRESCENT MRT STATION
Exit A,1.3404268992051425,103.63724572002151,TUAS LINK MRT STATION
Exit B,1.3409400722685778,103.63684066747358,TUAS LINK MRT STATION
Exit A,1.3298724241392643,103.63928434470874,TUAS WEST ROAD MRT STATION
Exit B,1.3301823302320677,103.6397907112947,TUAS WEST ROAD MRT STATION
Exit A,1.3299508282897736,103.89987669085686,UBI MRT STATION
Exit B,1.329830770674731,103.89858557091625,UBI MRT STATION
Exit A,1.3420065422681042,103.96096063018997,UPPER CHANGI MRT STATION
Exit A,1.3418611973421342,103.9613284805394,UPPER CHANGI MRT STATION
Exit B,1.3410376791225642,103.96147626842628,UPPER CHANGI MRT STATION
Exit C,1.3419926673422482,103.96161727307985,UPPER CHANGI MRT STATION
Exit D,1.3408404740643267,103.96104308070888,UPPER CHANGI MRT STATION
Exit 1,1.354833644682351,103.8319161968925,UPPER THOMSON MRT STATION
Exit 2,1.3557365747065533,103.8318330090042,UPPER THOMSON MRT STATION
Exit 3,1.3541445663788472,103.83392459060627,UPPER THOMSON MRT STATION
Exit 4,1.3535030102965167,103.83379386731406,UPPER THOMSON MRT STATION
Exit 5,1.3544178218637264,103.83263517825011,UPPER THOMSON MRT STATION
Exit 1,1.4366968752462377,103.78573562446458,WOODLANDS MRT STATION
Exit 2,1.436673114687528,103.7865080837622,WOODLANDS MRT STATION
Exit 3,1.4372433670398619,103.78710822541109,WOODLANDS MRT STATION
Exit 4,1.4375403735797483,103.78800546566868,WOODLANDS MRT STATION
Exit 5,1.4358439359358868,103.78896432811273,WOODLANDS MRT STATION
Exit 6,1.4348151751388867,103.78908910975163,WOODLANDS MRT STATION
Exit 7,1.4344955258377818,103.78797676882189,WOODLANDS MRT STATION
Exit 1,1.4479365024965063,103.7854290806745,WOODLANDS NORTH MRT STATION
Exit 2,1.4490472997072523,103.78510227142458,WOODLANDS NORTH MRT STATION
Exit 1,1.4273020172478001,103.79302746334568,WOODLANDS SOUTH MRT STATION
Exit 2,1.4276049641345527,103.79341369273166,WOODLANDS SOUTH MRT STATION
Exit 3,1.4274267600356203,103.7945604978579,WOODLANDS SOUTH MRT STATION
Exit 4,1.4266842408027618,103.7944238317872,WOODLANDS SOUTH MRT STATION
Exit 5,1.4258433869092755,103.79436521102042,WOODLANDS SOUTH MRT STATION
Exit A,1.3385106544114485,103.87094060456803,WOODLEIGH MRT STATION
Exit B,1.3385831494601297,103.87050846814451,WOODLEIGH MRT STATION
Exit C,1.339867219941902,103.87105380415785,WOODLEIGH MRT STATION
Exit A,1.3976554793526916,103.74719516647077,YEW TEE MRT STATION
Exit B,1.3980677680600264,103.74732988003458,YEW TEE MRT STATION
Exit C,1.3970007717306616,103.74743189325034,YEW TEE MRT STATION
Exit D,1.3972725119722809,103.74711143100039,YEW TEE MRT STATION
Exit A,1.3816444074306995,103.84483419549113,YIO CHU KANG MRT STATION
Exit B,1.381547520536042,103.84494684754169,YIO CHU KANG MRT STATION
Exit C,1.3819536213060495,103.84464576043435,YIO CHU KANG MRT STATION
Exit A,1.429397167315948,103.83478360318439,YISHUN MRT STATION
Exit B,1.4296362919100813,103.83486553346143,YISHUN MRT STATION
Exit C,1.4291168143137056,103.8350908427129,YISHUN MRT STATION
Exit D,1.4291065074428853,103.83486348521703,YISHUN MRT STATION
Exit E,1.4296655971646168,103.83564365493329,YISHUN MRT STATION
